{

    "metadata" :
    {
        "formatVersion" : 3.1,
        "sourceFile"    : "asteroid5.obj",
        "generatedBy"   : "OBJConverter",
        "vertices"      : 35,
        "faces"         : 66,
        "normals"       : 66,
        "colors"        : 0,
        "uvs"           : 0,
        "materials"     : 1
    },

    "scale" : 1.000000,

    "materials": [	{
	"DbgColor" : 15658734,
	"DbgIndex" : 0,
	"DbgName" : "None"
	}],

    "vertices": [0.575718,-1.822755,0.687233,1.410442,-0.676956,1.628859,-0.093816,-0.737643,1.828599,-2.058790,-0.770121,-0.316366,-1.271526,-1.169820,-1.739009,1.220877,-1.102169,-0.301690,0.766873,0.196195,1.032426,-1.414515,0.958930,0.546062,-1.112486,1.582285,-0.927825,0.552778,1.106166,-1.922965,1.819037,0.489016,0.684479,0.117197,1.755325,0.050083,-0.160166,-1.332282,0.775680,0.531156,-0.941253,1.277387,1.244412,-1.800363,0.561768,-0.738266,-1.202238,-0.011308,-1.521902,-0.607520,0.662965,-0.678035,-1.560421,-0.530662,-1.545222,-1.022263,-1.368042,-0.135331,-1.529859,-1.300299,1.852476,-0.097209,0.396289,0.797598,0.092092,1.804701,-2.004479,0.100509,0.600354,-1.046403,0.367973,1.472198,-1.564994,0.435698,-1.529996,-1.866713,0.004138,-0.328953,1.216824,-0.031871,-1.470371,-0.661702,-0.094535,-1.819280,-0.081930,1.074306,0.944351,-0.431806,1.480179,-1.746397,1.808417,0.975753,-0.466246,0.876712,1.030909,0.460380,-0.626579,1.527931,0.438648,-0.158652,2.099760,-1.067554,0.518039,1.958376,-0.910921],

    "morphTargets": [],

    "morphColors": [],

    "normals": [-0.5173,-0.8202,0.2444,-0.5613,-0.7103,0.4248,0.9309,-0.3143,0.186,0.4791,-0.4938,0.7257,-0.7424,-0.4632,0.4839,-0.8164,-0.0747,-0.5726,0.5899,-0.5945,-0.5465,-0.1473,0.1862,0.9714,-0.9577,0.2349,-0.1663,-0.2627,0.0772,-0.9618,-0.2834,0.5418,0.7913,0.1741,0.7562,-0.6308,0.4017,0.8448,0.3536,0.523,0.7632,0.3794,0.4574,0.7875,0.413,0.629,0.6052,-0.488,0.1394,0.9555,0.26,0.2977,0.6425,-0.7061,-0.4711,0.7377,-0.4837,-0.1205,0.9399,0.3194,0.8874,-0.3464,-0.3043,0.9209,-0.2205,-0.3213,0.9986,0.0509,0.0123,-0.8162,0.5497,-0.178,0.7522,0.1877,-0.6316,-0.1511,0.0677,-0.9862,-0.2597,0.0825,-0.9622,-0.6109,0.5435,-0.5758,-0.2427,0.7712,0.5885,-0.0438,0.6358,0.7706,0.7142,0.6969,0.0655,0.4132,0.4772,0.7756,0.3432,0.7089,0.6162,0.0817,0.7841,0.6153,0.1846,-0.2683,-0.9455,0.1845,-0.2737,-0.944,0.2857,-0.2315,-0.9299,-0.9111,0.4036,-0.0839,-0.9654,-0.0417,-0.2575,-0.8591,0.2055,-0.4688,-0.6579,0.4884,0.5732,-0.5827,-0.3315,0.742,-0.6195,-0.2999,0.7255,-0.9027,0.4303,-0.003,-0.5685,0.8121,0.1317,-0.4266,0.8611,0.2768,-0.2261,-0.9539,-0.1973,-0.5058,-0.8621,-0.0303,-0.7111,-0.6146,0.3414,-0.3244,-0.9435,0.0678,-0.3627,-0.8666,0.3427,-0.473,-0.8567,0.2059,-0.4463,-0.7669,0.4612,-0.0725,-0.9932,-0.0906,0.1413,-0.8658,0.48,0.581,-0.6251,-0.5213,-0.0057,-0.9788,-0.205,0.8868,-0.3393,-0.3138,0.12,0.5504,0.8262,0.3851,-0.3894,0.8367,0.1554,-0.6923,0.7047,-0.268,-0.5453,0.7943,-0.1597,-0.5547,0.8166,0.7342,0.4739,0.4862,-0.2373,-0.3923,0.8887,0.3209,0.9402,0.114],

    "colors": [],

    "uvs": [[]],

    "faces": [34,0,12,15,0,0,0,0,34,0,15,17,0,1,1,1,34,1,14,20,0,2,2,2,34,2,13,21,0,3,3,3,34,3,16,22,0,4,4,4,34,4,18,24,0,5,5,5,34,5,19,26,0,6,6,6,34,2,21,23,0,7,7,7,34,3,22,25,0,8,8,8,34,4,24,27,0,9,9,9,34,7,28,32,0,10,10,10,34,9,29,34,0,11,11,11,34,10,30,31,0,12,12,12,34,31,34,11,0,13,13,13,34,31,30,34,0,14,14,14,34,30,9,34,0,15,15,15,34,34,33,11,0,16,16,16,34,34,29,33,0,17,17,17,34,29,8,33,0,18,18,18,34,33,32,11,0,19,19,19,34,14,5,20,0,20,20,20,34,20,26,30,0,21,21,21,34,20,30,10,0,22,22,22,34,25,22,7,0,23,23,23,34,26,9,30,0,24,24,24,34,27,29,9,0,25,25,25,34,27,24,29,0,26,26,26,34,24,8,29,0,27,27,27,34,23,28,7,0,28,28,28,34,23,21,28,0,29,29,29,34,21,6,28,0,30,30,30,34,28,6,31,0,31,31,31,34,28,31,11,0,32,32,32,34,32,28,11,0,33,33,33,34,26,27,9,0,34,34,34,34,26,19,27,0,35,35,35,34,19,4,27,0,36,36,36,34,24,25,8,0,37,37,37,34,24,18,25,0,38,38,38,34,18,3,25,0,39,39,39,34,22,23,7,0,40,40,40,34,22,16,23,0,41,41,41,34,16,2,23,0,42,42,42,34,25,7,8,0,43,43,43,34,33,7,32,0,44,44,44,34,8,7,33,0,45,45,45,34,17,4,19,0,46,46,46,34,17,18,4,0,47,47,47,34,17,15,18,0,48,48,48,34,15,3,18,0,49,49,49,34,15,16,3,0,50,50,50,34,15,12,16,0,51,51,51,34,12,2,16,0,52,52,52,34,14,17,19,0,53,53,53,34,12,13,2,0,54,54,54,34,14,19,5,0,55,55,55,34,0,17,14,0,56,56,56,34,5,26,20,0,57,57,57,34,6,10,31,0,58,58,58,34,20,10,6,0,59,59,59,34,1,0,14,0,60,60,60,34,12,0,13,0,61,61,61,34,0,1,13,0,62,62,62,34,1,20,21,0,63,63,63,34,13,1,21,0,64,64,64,34,21,20,6,0,65,65,65]

}
