{

    "metadata" :
    {
        "formatVersion" : 3.1,
        "sourceFile"    : "asteroid6.obj",
        "generatedBy"   : "OBJConverter",
        "vertices"      : 34,
        "faces"         : 64,
        "normals"       : 64,
        "colors"        : 0,
        "uvs"           : 0,
        "materials"     : 1
    },

    "scale" : 1.000000,

    "materials": [	{
	"DbgColor" : 15658734,
	"DbgIndex" : 0,
	"DbgName" : "None"
	}],

    "vertices": [0.011744,-1.458071,-0.091909,1.285286,-0.678839,1.516674,-0.265671,-0.841908,1.799237,-1.096764,-0.476068,-0.178895,-0.640089,-0.775633,-1.155949,0.276555,-0.738880,-1.011541,0.921912,0.112711,1.479243,-1.070532,0.758452,0.433881,-0.841228,0.684797,-0.645685,0.249757,0.842918,-0.997298,1.517871,0.392004,0.683376,-0.072241,1.535206,-0.099432,-0.264981,-1.044751,0.721462,0.691496,-1.370451,0.417924,0.432719,-0.892076,1.541791,1.345874,-1.168251,0.188714,0.544835,-1.664114,-0.293402,-0.762362,-1.143460,-0.066205,-1.264282,-0.617712,0.569570,-0.513291,-1.558909,-0.561622,-0.773181,-0.636448,-0.560214,1.066540,-0.155502,-0.895446,-0.094905,0.119966,1.659636,-1.223692,0.087613,0.429221,-1.192653,0.353066,1.215754,-0.838183,-0.010668,-0.982363,-1.017547,0.051253,-0.328464,-0.230394,-0.051569,-0.985196,-0.144801,1.320663,0.833283,-0.367854,0.799566,-1.211455,1.113659,0.809442,-0.920753,0.804949,1.415971,0.170791,-0.595760,1.165208,0.354558,-0.453960,1.371915,-0.609645],

    "morphTargets": [],

    "morphColors": [],

    "normals": [-0.1809,-0.9003,0.3959,0.3833,-0.8608,0.3347,-0.3462,-0.8787,0.3287,-0.3078,-0.7995,0.5157,-0.1918,-0.8934,0.4062,0.3496,0.0735,0.934,-0.9763,0.0132,-0.216,-0.9632,-0.2118,-0.1657,-0.3323,0.193,0.9232,-0.9618,0.0693,-0.265,0.0105,0.2239,-0.9746,-0.5878,0.7468,0.3112,0.8344,0.5469,-0.0679,0.9632,-0.0212,-0.268,0.9856,-0.1392,0.0963,-0.7308,0.4393,-0.5224,-0.5096,0.8536,0.1081,0.1794,0.7256,-0.6644,0.0158,0.0545,0.9984,0.1745,-0.0237,0.9844,0.9649,-0.0539,-0.2571,0.1493,-0.5822,-0.7992,0.1455,-0.5799,-0.8016,0.3335,-0.1915,-0.9231,-0.022,-0.2602,-0.9653,-0.7637,0.2786,-0.5824,0.3266,0.8015,-0.5009,0.0756,0.8805,-0.4679,0.2713,0.8068,-0.5248,-0.5862,0.753,0.2988,-0.2108,0.5482,0.8093,0.1481,0.5649,0.8118,0.6886,0.3462,0.6371,0.1482,0.1468,-0.978,0.0762,0.0943,-0.9926,-0.9532,0.1283,-0.2736,-0.9384,-0.2548,-0.2333,-0.7738,-0.0625,-0.6303,-0.9742,0.2227,-0.0367,-0.998,0.0612,0.0187,-0.7635,-0.3178,0.5621,0.0651,-0.0484,-0.9967,0.0871,-0.0304,-0.9957,0.4387,0.6932,0.5718,0.5093,-0.5595,-0.6539,0.4065,0.6193,0.6718,0.0617,0.9716,0.2283,-0.4715,0.8667,0.1627,-0.9517,-0.2679,-0.15,-0.9324,-0.2623,-0.2488,-0.7632,-0.4592,-0.4546,-0.8397,-0.4674,-0.2764,-0.4122,-0.8348,0.3649,-0.4089,-0.8969,0.1685,0.6329,-0.3518,-0.6897,0.3732,-0.8822,0.2872,-0.1909,-0.8928,0.408,-0.0024,-0.9827,0.185,-0.2032,-0.9169,0.3435,0.2313,-0.8748,0.4256,-0.8463,0.4882,-0.2131,-0.6424,0.7633,0.0692,-0.9633,0.1602,-0.2155,-0.9394,0.2163,-0.266],

    "colors": [],

    "uvs": [[]],

    "faces": [34,0,13,12,0,0,0,0,34,1,13,15,0,1,1,1,34,0,12,17,0,2,2,2,34,0,17,19,0,3,3,3,34,0,19,16,0,4,4,4,34,2,14,22,0,5,5,5,34,3,18,23,0,6,6,6,34,4,20,25,0,7,7,7,34,2,22,24,0,8,8,8,34,3,23,26,0,9,9,9,34,4,25,27,0,10,10,10,34,7,28,32,0,11,11,11,34,10,30,31,0,12,12,12,34,10,15,21,0,13,13,13,34,1,15,10,0,14,14,14,34,29,8,33,0,15,15,15,34,33,32,11,0,16,16,16,34,9,29,33,0,17,17,17,34,14,1,6,0,18,18,18,34,22,14,6,0,19,19,19,34,21,30,10,0,20,20,20,34,19,4,5,0,21,21,21,34,16,19,5,0,22,22,22,34,27,29,9,0,23,23,23,34,27,25,29,0,24,24,24,34,25,8,29,0,25,25,25,34,9,33,11,0,26,26,26,34,31,30,9,0,27,27,27,34,31,9,11,0,28,28,28,34,24,28,7,0,29,29,29,34,24,22,28,0,30,30,30,34,22,6,28,0,31,31,31,34,1,10,6,0,32,32,32,34,5,4,27,0,33,33,33,34,21,5,27,0,34,34,34,34,25,26,8,0,35,35,35,34,25,20,26,0,36,36,36,34,20,3,26,0,37,37,37,34,23,24,7,0,38,38,38,34,23,18,24,0,39,39,39,34,18,2,24,0,40,40,40,34,21,27,9,0,41,41,41,34,21,9,30,0,42,42,42,34,6,10,28,0,43,43,43,34,15,5,21,0,44,44,44,34,28,10,31,0,45,45,45,34,28,31,11,0,46,46,46,34,32,28,11,0,47,47,47,34,19,20,4,0,48,48,48,34,19,17,20,0,49,49,49,34,17,3,20,0,50,50,50,34,17,18,3,0,51,51,51,34,17,12,18,0,52,52,52,34,12,2,18,0,53,53,53,34,15,16,5,0,54,54,54,34,15,13,16,0,55,55,55,34,13,0,16,0,56,56,56,34,12,14,2,0,57,57,57,34,12,13,14,0,58,58,58,34,13,1,14,0,59,59,59,34,8,7,33,0,60,60,60,34,33,7,32,0,61,61,61,34,26,7,8,0,62,62,62,34,26,23,7,0,63,63,63]

}
