{

    "metadata" :
    {
        "formatVersion" : 3.1,
        "sourceFile"    : "asteroid4.obj",
        "generatedBy"   : "OBJConverter",
        "vertices"      : 31,
        "faces"         : 58,
        "normals"       : 58,
        "colors"        : 0,
        "uvs"           : 0,
        "materials"     : 1
    },

    "scale" : 1.000000,

    "materials": [	{
	"DbgColor" : 15658734,
	"DbgIndex" : 0,
	"DbgName" : "None"
	}],

    "vertices": [-0.111366,-1.783391,0.392401,1.148969,-1.027296,2.036211,-0.146200,-0.444430,1.744816,-1.586722,-0.292727,-0.526450,-1.152865,-0.789510,-1.323713,0.436037,-1.222223,0.083067,0.985874,0.150829,1.826796,-1.101574,1.270826,-0.383481,-0.765582,1.677612,-1.287335,0.240344,0.552567,-1.312323,1.860242,-0.037351,1.272158,0.326327,1.523886,-0.229617,-0.155231,-1.179937,1.067581,0.837625,-1.672695,1.386756,1.349976,-1.708589,1.333671,-0.935787,-1.068409,-0.070336,-1.439569,-0.320250,0.607404,-0.935307,-1.510471,-0.497970,-0.659572,-1.418823,-0.870995,1.760036,-0.441303,1.408306,1.603802,-0.756143,0.435567,0.302887,0.093143,1.797084,-1.184756,0.727602,1.501033,-1.207646,0.462081,-1.692672,-1.263043,0.436844,-0.883330,0.393107,-0.451191,-0.894038,0.091836,0.982199,0.906188,-0.357802,1.106594,-1.511069,1.208097,0.340980,-0.299194,1.050301,0.675656,0.502473,-0.282205,1.622873,-0.994012],

    "morphTargets": [],

    "morphColors": [],

    "normals": [-0.506,-0.6592,0.5563,0.0224,-0.7145,0.6993,-0.7166,-0.5426,0.4384,-0.7094,-0.4904,0.5062,0.8071,-0.2914,0.5135,0.57,-0.6326,-0.5242,-0.1744,0.05,0.9834,0.4473,-0.6925,-0.5661,0.7254,0.6742,-0.1387,0.4664,0.591,-0.6582,-0.9275,0.3073,-0.213,-0.9294,0.3048,-0.2083,-0.1202,0.9212,0.3699,-0.0569,0.1671,0.9843,0.9273,0.0915,-0.3628,0.6996,-0.2059,-0.6842,0.6908,-0.186,-0.6987,-0.7625,-0.6469,-0.0119,-0.051,0.3326,-0.9417,0.5517,0.1402,0.8222,0.5886,0.2198,0.778,-0.0638,0.9597,0.2738,0.1716,0.7174,0.6752,-0.0897,0.6943,0.7141,-0.9808,-0.1361,0.1396,-0.8409,0.1144,-0.5289,-0.9955,-0.0642,-0.0701,-0.9327,0.3568,-0.0527,-0.2012,0.8996,0.3875,-0.1966,0.9402,0.2783,-0.6232,-0.4142,0.6634,0.3233,-0.3724,-0.8699,0.9625,-0.2622,-0.0697,0.951,-0.3045,-0.0542,0.4466,-0.6739,-0.5885,-0.9832,0.1276,0.1307,-0.4548,-0.7268,-0.5147,0.4401,0.7718,0.4589,0.4089,0.8385,0.3601,0.4144,0.8424,0.3443,-0.7878,-0.6097,0.0874,-0.6043,-0.7186,0.3441,-0.5818,-0.547,0.6019,-0.9553,0.2926,0.0422,0.3184,-0.3229,-0.8913,0.3777,-0.2466,-0.8925,0.1685,-0.1666,-0.9715,0.5123,-0.74,-0.4358,-0.0352,-0.9642,-0.2629,0.4057,-0.7118,-0.5733,-0.0525,-0.9857,0.1598,0.665,0.5289,-0.5273,0.7956,0.5986,-0.0933,0.6665,0.5278,-0.5264,0.7347,0.4233,-0.5301,-0.1913,0.0646,0.9794,-0.4251,-0.6103,0.6685,-0.4792,-0.4969,0.7235],

    "colors": [],

    "uvs": [[]],

    "faces": [34,0,13,12,0,0,0,0,34,1,13,14,0,1,1,1,34,0,12,15,0,2,2,2,34,0,15,17,0,3,3,3,34,1,14,19,0,4,4,4,34,5,18,25,0,5,5,5,34,2,21,22,0,6,6,6,34,5,25,20,0,7,7,7,34,10,28,29,0,8,8,8,34,27,8,30,0,9,9,9,34,24,3,7,0,10,10,10,34,24,7,8,0,11,11,11,34,8,7,30,0,12,12,12,34,21,1,6,0,13,13,13,34,20,28,10,0,14,14,14,34,20,25,28,0,15,15,15,34,25,9,28,0,16,16,16,34,15,3,4,0,17,17,17,34,23,8,27,0,18,18,18,34,6,19,10,0,19,19,19,34,1,19,6,0,20,20,20,34,22,26,7,0,21,21,21,34,22,21,26,0,22,22,22,34,21,6,26,0,23,23,23,34,17,15,4,0,24,24,24,34,4,3,24,0,25,25,25,34,23,4,24,0,26,26,26,34,23,24,8,0,27,27,27,34,7,26,11,0,28,28,28,34,30,7,11,0,29,29,29,34,16,2,22,0,30,30,30,34,25,18,4,0,31,31,31,34,19,20,10,0,32,32,32,34,19,14,20,0,33,33,33,34,14,5,20,0,34,34,34,34,3,16,22,0,35,35,35,34,17,4,18,0,36,36,36,34,26,29,11,0,37,37,37,34,6,10,26,0,38,38,38,34,26,10,29,0,39,39,39,34,15,16,3,0,40,40,40,34,15,12,16,0,41,41,41,34,12,2,16,0,42,42,42,34,3,22,7,0,43,43,43,34,25,4,9,0,44,44,44,34,4,23,27,0,45,45,45,34,4,27,9,0,46,46,46,34,0,18,5,0,47,47,47,34,0,17,18,0,48,48,48,34,14,0,5,0,49,49,49,34,14,13,0,0,50,50,50,34,9,27,11,0,51,51,51,34,29,28,11,0,52,52,52,34,28,9,11,0,53,53,53,34,11,27,30,0,54,54,54,34,2,1,21,0,55,55,55,34,12,1,2,0,56,56,56,34,12,13,1,0,57,57,57]

}
