{

    "metadata" :
    {
        "formatVersion" : 3.1,
        "sourceFile"    : "asteroid3.obj",
        "generatedBy"   : "OBJConverter",
        "vertices"      : 31,
        "faces"         : 58,
        "normals"       : 58,
        "colors"        : 0,
        "uvs"           : 0,
        "materials"     : 1
    },

    "scale" : 1.000000,

    "materials": [	{
	"DbgColor" : 15658734,
	"DbgIndex" : 0,
	"DbgName" : "None"
	}],

    "vertices": [-0.483913,0.774906,0.452655,0.622995,0.365080,1.511037,0.809573,-0.610739,-0.057304,-0.771005,-0.790338,-0.749605,-1.090756,-0.712840,0.011810,-0.620365,-0.057372,1.231757,0.191459,-0.911414,0.277011,-0.476162,-1.149366,0.043525,-0.127780,0.958188,-0.675608,-0.067632,0.151430,-0.810250,1.017715,-0.103040,0.913507,0.193317,0.841104,-0.026377,1.098819,-0.217345,0.104195,1.028207,-0.403296,0.595795,-0.103685,-0.800357,-0.569740,-0.886901,-1.007413,-0.036337,-0.844752,-0.056037,0.495988,-0.238653,-0.807518,0.872069,-0.483870,-0.870693,0.542860,0.156015,0.288282,1.582856,0.556868,-0.337108,1.158435,-0.625153,0.629914,1.086326,-0.633257,0.086157,-0.638618,-0.567196,0.288836,-0.078199,0.492846,-0.190517,-0.507584,0.112675,0.859710,0.920524,0.760337,0.199498,-0.049480,0.234403,0.510053,0.757253,0.603196,0.281131,0.512984,-0.100258,0.927783,0.115266,0.361999,0.777855,-0.505237],

    "morphTargets": [],

    "morphColors": [],

    "normals": [-0.1661,-0.4938,0.8535,-0.9799,0.1677,-0.1082,0.5088,-0.4211,-0.7509,0.3594,-0.843,0.4003,-0.4706,0.1795,0.8639,0.6878,-0.222,-0.6911,-0.2516,0.9566,0.1474,0.6418,0.7638,0.0684,0.7153,0.6798,0.1622,0.769,0.6272,0.1238,0.676,-0.1088,-0.7288,-0.3019,0.135,-0.9437,0.3461,0.9382,-0.002,0.2948,0.9552,0.0265,-0.7492,-0.2978,0.5916,0.4122,0.8468,0.3361,0.892,0.4047,-0.2016,0.8272,0.447,-0.3405,0.6315,0.7256,0.2734,0.8203,-0.5639,-0.0955,0.7782,0.6279,-0.0107,0.6823,0.3099,-0.6622,0.6104,0.3907,-0.689,-0.9134,0.3907,-0.1142,-0.4284,-0.4267,0.7965,-0.9013,0.3806,-0.2071,-0.646,0.6107,-0.4579,-0.2606,0.9521,0.1598,-0.0871,0.7515,0.654,-0.0238,0.7562,0.6539,0.1385,-0.8639,0.4843,0.4837,-0.8678,0.1137,-0.3686,-0.8141,0.4487,-0.8809,0.4462,-0.1578,-0.864,0.4975,-0.0781,-0.9703,0.2402,0.0275,-0.2041,0.0187,-0.9788,-0.8136,0.5792,0.0506,0.3816,0.1798,-0.9067,-0.955,0.055,0.2914,0.208,-0.4545,0.8661,0.025,-0.5503,0.8346,0.3539,-0.8439,0.4032,-0.6008,-0.573,0.5575,0.321,-0.9182,-0.2323,0.0116,-0.9836,0.1801,0.5921,-0.5758,0.5638,0.5814,-0.4082,0.7038,-0.8861,-0.377,0.2696,0.5909,0.7929,0.149,0.6283,0.7573,-0.1782,0.1059,-0.8905,-0.4425,0.9904,-0.0828,0.1109,-0.2535,-0.9132,-0.3191,0.4027,-0.8789,-0.2556,-0.3039,0.1665,-0.938,0.3424,-0.2424,-0.9078,0.2488,-0.2461,-0.9368],

    "colors": [],

    "uvs": [[]],

    "faces": [34,5,17,19,0,0,0,0,34,3,15,22,0,1,1,1,34,2,14,24,0,2,2,2,34,6,13,20,0,3,3,3,34,5,19,21,0,4,4,4,34,2,24,12,0,5,5,5,34,0,25,29,0,6,6,6,34,10,26,28,0,7,7,7,34,28,30,11,0,8,8,8,34,28,26,30,0,9,9,9,34,26,9,30,0,10,10,10,34,9,22,8,0,11,11,11,34,30,8,11,0,12,12,12,34,8,29,11,0,13,13,13,34,15,18,16,0,14,14,14,34,29,27,11,0,15,15,15,34,29,25,27,0,16,16,16,34,25,1,27,0,17,17,17,34,27,28,11,0,18,18,18,34,13,2,12,0,19,19,19,34,12,26,10,0,20,20,20,34,12,24,26,0,21,21,21,34,24,9,26,0,22,22,22,34,16,21,0,0,23,23,23,34,15,16,4,0,24,24,24,34,16,0,23,0,25,25,25,34,23,0,29,0,26,26,26,34,21,25,0,0,27,27,27,34,21,19,25,0,28,28,28,34,19,1,25,0,29,29,29,34,7,6,18,0,30,30,30,34,6,2,13,0,31,31,31,34,7,18,15,0,32,32,32,34,4,16,23,0,33,33,33,34,22,23,8,0,34,34,34,34,22,15,23,0,35,35,35,34,15,4,23,0,36,36,36,34,8,23,29,0,37,37,37,34,9,8,30,0,38,38,38,34,16,5,21,0,39,39,39,34,19,20,1,0,40,40,40,34,19,17,20,0,41,41,41,34,17,6,20,0,42,42,42,34,18,17,5,0,43,43,43,34,6,14,2,0,44,44,44,34,18,6,17,0,45,45,45,34,20,13,10,0,46,46,46,34,20,10,1,0,47,47,47,34,18,5,16,0,48,48,48,34,27,10,28,0,49,49,49,34,1,10,27,0,50,50,50,34,7,3,14,0,51,51,51,34,13,12,10,0,52,52,52,34,7,15,3,0,53,53,53,34,6,7,14,0,54,54,54,34,3,22,9,0,55,55,55,34,24,14,9,0,56,56,56,34,14,3,9,0,57,57,57]

}
