{

    "metadata" :
    {
        "formatVersion" : 3.1,
        "sourceFile"    : "asteroid4.obj",
        "generatedBy"   : "OBJConverter",
        "vertices"      : 42,
        "faces"         : 80,
        "normals"       : 80,
        "colors"        : 0,
        "uvs"           : 0,
        "materials"     : 1
    },

    "scale" : 1.000000,

    "materials": [	{
	"DbgColor" : 15658734,
	"DbgIndex" : 0,
	"DbgName" : "None"
	}],

    "vertices": [-0.111366,-1.783391,0.392401,1.586757,-1.029395,2.281432,-0.146200,-0.444430,1.744816,-1.586722,-0.292727,-0.526450,-1.152865,-0.789510,-1.323713,0.436037,-1.222223,0.083067,0.514445,0.008769,1.578913,-1.144555,1.215201,0.550451,-0.765582,1.677612,-1.287335,0.240344,0.552567,-1.312323,1.860242,-0.037351,1.272158,0.326327,1.523886,-0.229617,-0.155231,-1.179937,1.067581,0.837625,-1.672695,1.386756,0.711181,-1.025197,1.790989,1.349976,-1.708589,1.333671,0.202676,-2.114170,0.581529,-0.935787,-1.068409,-0.070336,-1.439569,-0.320250,0.607404,-0.935307,-1.510471,-0.497970,-1.306150,-0.591376,-1.162640,-0.659572,-1.418823,-0.870995,1.760036,-0.441303,1.408306,1.603802,-0.756143,0.435567,0.674116,0.139229,2.379310,1.284315,-0.327954,1.999571,-1.579871,0.554557,0.165850,-1.184756,0.727602,1.501033,-1.207646,0.462081,-1.692672,-1.263043,0.436844,-0.883330,0.393107,-0.451191,-0.894038,-0.852207,-0.179340,-1.498299,1.542316,-0.220352,1.268752,0.022060,1.120289,0.981364,-1.101574,1.270826,-0.383481,-0.270435,1.343449,-1.873782,1.208097,0.340980,-0.299194,0.161612,0.844110,0.831011,1.050301,0.675656,0.502473,-0.414947,1.594356,0.098365,-0.111594,1.791803,-1.044470,0.528453,1.387325,-0.955499],

    "morphTargets": [],

    "morphColors": [],

    "normals": [-0.506,-0.6592,0.5563,0.0033,-0.8132,0.5819,-0.7166,-0.5426,0.4384,-0.7094,-0.4904,0.5062,-0.7349,-0.3745,0.5653,0.9516,-0.3069,-0.0178,-0.3383,-0.4329,0.8356,-0.9875,-0.0949,0.1259,-0.819,-0.1949,-0.5396,0.57,-0.6326,-0.5242,0.718,0.5029,0.4812,-0.4768,-0.247,0.8436,-0.9167,0.2572,-0.3057,0.0155,-0.2821,-0.9593,0.4473,-0.6925,-0.5661,0.3445,0.7028,0.6224,-0.1214,0.8483,0.5155,-0.2736,0.9111,0.3083,0.7538,0.0206,-0.6568,0.7254,0.6742,-0.1387,0.7263,0.6835,0.0737,0.8516,0.5217,-0.0502,0.7269,0.0422,-0.6855,0.5352,0.8447,-0.0099,0.515,0.7089,-0.4819,0.0247,0.8774,-0.4791,0.1863,0.9587,0.2151,-0.4465,0.8941,0.0359,-0.4448,0.895,0.0328,0.3155,0.7759,0.5463,0.8484,0.5086,-0.1468,0.9024,0.4277,0.052,0.346,0.7646,0.5438,0.3581,0.7126,0.6033,-0.3057,0.5163,0.8,0.9273,0.0915,-0.3628,0.6996,-0.2059,-0.6842,0.6908,-0.186,-0.6987,0.3839,-0.3567,-0.8517,0.0581,-0.2599,-0.9639,-0.5488,0.4372,-0.7125,-0.9294,0.3048,-0.2083,-0.8833,0.3547,-0.3065,-0.8335,0.5524,-0.0055,-0.0945,0.8874,0.4512,-0.0157,0.815,0.5793,0.9294,0.2869,-0.2322,0.2786,0.9311,0.2354,0.5701,0.7596,0.3131,-0.2167,0.3596,0.9076,0.3588,-0.312,-0.8797,0.334,-0.3838,-0.8609,0.2953,-0.3945,-0.8702,-0.9327,0.3568,-0.0527,-0.996,0.0598,-0.0663,-0.8726,0.1618,-0.4608,-0.8675,0.4566,0.1975,-0.9585,-0.0099,0.2849,-0.6232,-0.4142,0.6634,0.4944,0.8368,-0.235,0.2112,-0.4354,0.8751,-0.4835,0.1388,0.8643,0.9625,-0.2622,-0.0697,0.951,-0.3045,-0.0542,0.4466,-0.6739,-0.5885,0.6179,-0.5005,-0.6064,-0.1616,-0.9241,-0.3465,-0.4548,-0.7268,-0.5147,-0.8476,-0.4897,-0.2042,-0.9491,-0.2196,0.2259,-0.7576,-0.6522,-0.028,-0.7878,-0.6097,0.0874,-0.6043,-0.7186,0.3441,-0.5818,-0.547,0.6019,0.5909,-0.5058,-0.6285,-0.0107,-0.8732,0.4872,-0.684,-0.2596,0.6817,-0.4446,-0.6038,0.6617,-0.4862,-0.5291,0.6955,-0.4136,-0.5389,0.7338],

    "colors": [],

    "uvs": [[]],

    "faces": [34,0,13,12,0,0,0,0,34,1,13,15,0,1,1,1,34,0,12,17,0,2,2,2,34,0,17,19,0,3,3,3,34,0,19,16,0,4,4,4,34,1,15,22,0,5,5,5,34,2,14,24,0,6,6,6,34,3,18,26,0,7,7,7,34,4,20,28,0,8,8,8,34,5,21,30,0,9,9,9,34,1,22,25,0,10,10,10,34,2,24,27,0,11,11,11,34,3,26,29,0,12,12,12,34,4,28,31,0,13,13,13,34,5,30,23,0,14,14,14,34,6,32,37,0,15,15,15,34,7,33,39,0,16,16,16,34,8,34,40,0,17,17,17,34,9,35,41,0,18,18,18,34,10,36,38,0,19,19,19,34,38,41,11,0,20,20,20,34,38,36,41,0,21,21,21,34,36,9,41,0,22,22,22,34,41,40,11,0,23,23,23,34,41,35,40,0,24,24,24,34,35,8,40,0,25,25,25,34,40,39,11,0,26,26,26,34,40,34,39,0,27,27,27,34,34,7,39,0,28,28,28,34,39,37,11,0,29,29,29,34,39,33,37,0,30,30,30,34,33,6,37,0,31,31,31,34,37,38,11,0,32,32,32,34,37,32,38,0,33,33,33,34,32,10,38,0,34,34,34,34,23,36,10,0,35,35,35,34,23,30,36,0,36,36,36,34,30,9,36,0,37,37,37,34,31,35,9,0,38,38,38,34,31,28,35,0,39,39,39,34,28,8,35,0,40,40,40,34,29,34,8,0,41,41,41,34,29,26,34,0,42,42,42,34,26,7,34,0,43,43,43,34,27,33,7,0,44,44,44,34,27,24,33,0,45,45,45,34,24,6,33,0,46,46,46,34,25,32,6,0,47,47,47,34,25,22,32,0,48,48,48,34,22,10,32,0,49,49,49,34,30,31,9,0,50,50,50,34,30,21,31,0,51,51,51,34,21,4,31,0,52,52,52,34,28,29,8,0,53,53,53,34,28,20,29,0,54,54,54,34,20,3,29,0,55,55,55,34,26,27,7,0,56,56,56,34,26,18,27,0,57,57,57,34,18,2,27,0,58,58,58,34,24,25,6,0,59,59,59,34,24,14,25,0,60,60,60,34,14,1,25,0,61,61,61,34,22,23,10,0,62,62,62,34,22,15,23,0,63,63,63,34,15,5,23,0,64,64,64,34,16,21,5,0,65,65,65,34,16,19,21,0,66,66,66,34,19,4,21,0,67,67,67,34,19,20,4,0,68,68,68,34,19,17,20,0,69,69,69,34,17,3,20,0,70,70,70,34,17,18,3,0,71,71,71,34,17,12,18,0,72,72,72,34,12,2,18,0,73,73,73,34,15,16,5,0,74,74,74,34,15,13,16,0,75,75,75,34,13,0,16,0,76,76,76,34,12,14,2,0,77,77,77,34,12,13,14,0,78,78,78,34,13,1,14,0,79,79,79]

}
