{

    "metadata" :
    {
        "formatVersion" : 3.1,
        "sourceFile"    : "asteroid5.obj",
        "generatedBy"   : "OBJConverter",
        "vertices"      : 42,
        "faces"         : 80,
        "normals"       : 80,
        "colors"        : 0,
        "uvs"           : 0,
        "materials"     : 1
    },

    "scale" : 1.000000,

    "materials": [	{
	"DbgColor" : 15658734,
	"DbgIndex" : 0,
	"DbgName" : "None"
	}],

    "vertices": [0.149301,-1.896262,0.317384,1.410442,-0.676956,1.628859,-0.093816,-0.737643,1.828599,-2.058790,-0.770121,-0.316366,-1.271526,-1.169820,-1.739009,1.220877,-1.102169,-0.301690,0.276890,0.179026,1.230609,-1.381689,1.001922,0.942615,-1.112486,1.582285,-0.927825,0.552778,1.106166,-1.922965,1.819037,0.489016,0.684479,0.117197,1.755325,0.050083,-0.160166,-1.332282,0.775680,1.002135,-1.749247,1.057082,0.531156,-0.941253,1.277387,1.736030,-1.403003,0.903041,0.752793,-2.197723,0.220496,-0.738266,-1.202238,-0.011308,-1.521902,-0.607520,0.662965,-0.678035,-1.560421,-0.530662,-1.545222,-1.022263,-1.368042,-0.367200,-2.033628,-1.660512,1.641915,0.040045,0.756167,2.063037,-0.234463,0.036410,0.569911,0.160021,2.164421,1.025286,0.024163,1.444981,-2.004479,0.100509,0.600354,-1.372965,0.589167,1.879891,-1.564994,0.435698,-1.529996,-1.866713,0.004138,-0.328953,1.216824,-0.031871,-1.470371,-0.661702,-0.094535,-1.819280,1.256857,0.213364,0.834243,-0.077516,1.186652,1.137616,-1.447341,0.915938,0.149510,-0.431806,1.480179,-1.746397,1.808417,0.975753,-0.466246,-0.086343,0.961959,0.751086,0.876712,1.030909,0.460380,-0.626579,1.527931,0.438648,-0.158652,2.099760,-1.067554,0.518039,1.958376,-0.910921],

    "morphTargets": [],

    "morphColors": [],

    "normals": [-0.3951,-0.7001,0.5947,0.4108,-0.5458,0.7303,-0.6534,-0.6599,0.3709,-0.6531,-0.6567,0.3771,-0.4366,-0.8968,0.0708,0.9402,0.0946,0.3271,0.4269,-0.5763,0.6969,-0.7424,-0.4632,0.4839,-0.8164,-0.0747,-0.5726,0.711,-0.5174,-0.4763,0.638,0.5033,0.5828,-0.1885,-0.2188,0.9574,-0.9577,0.2349,-0.1663,-0.2627,0.0772,-0.9618,0.7175,-0.5125,-0.4718,0.2839,0.5931,0.7534,-0.1972,0.8109,0.5509,-0.3937,0.8315,0.3919,0.1741,0.7562,-0.6308,0.4017,0.8448,0.3536,0.523,0.7632,0.3794,0.4574,0.7875,0.413,0.629,0.6052,-0.488,0.1394,0.9555,0.26,0.2977,0.6425,-0.7061,-0.4711,0.7377,-0.4837,-0.1205,0.9399,0.3194,-0.6178,0.7794,0.104,-0.5885,0.8076,-0.0388,0.2077,0.6172,0.7589,0.767,0.547,-0.3355,0.9298,0.3085,-0.2006,0.1846,0.6237,0.7595,0.2199,0.4884,0.8444,0.031,0.4276,0.9034,0.9658,0.242,0.0935,0.8705,-0.0211,-0.4917,0.7522,0.1877,-0.6316,-0.1511,0.0677,-0.9862,-0.2597,0.0825,-0.9622,-0.6109,0.5435,-0.5758,-0.9047,0.4256,-0.018,-0.8555,0.4865,-0.1773,-0.8239,0.5667,0.0068,-0.1867,0.8985,0.3974,0.0594,0.7244,0.6868,0.9133,0.2953,-0.2806,0.1001,0.9391,0.3289,0.4421,0.7956,0.4141,0.2266,0.0658,0.9718,0.1846,-0.2683,-0.9455,0.1841,-0.0524,-0.9815,0.01,-0.0801,-0.9967,-0.9111,0.4036,-0.0839,-0.9654,-0.0417,-0.2575,-0.8591,0.2055,-0.4688,-0.8395,0.4944,0.2255,-0.7231,-0.4462,0.5273,-0.5545,-0.5584,0.617,0.2155,0.9753,-0.0478,0.7103,-0.4566,0.5358,-0.3797,0.0339,0.9245,0.8003,-0.2271,0.5549,0.8753,0.1051,0.472,0.7237,-0.5302,-0.4418,0.7096,-0.5264,-0.4684,-0.4904,-0.8437,0.2184,-0.6915,-0.7141,0.1088,-0.5058,-0.8621,-0.0303,-0.7111,-0.6146,0.3414,-0.3244,-0.9435,0.0678,-0.3627,-0.8666,0.3427,-0.473,-0.8567,0.2059,-0.4463,-0.7669,0.4612,0.7291,-0.5223,-0.4422,0.4581,-0.8331,0.3101,-0.3136,-0.7948,0.5195,0.1413,-0.8658,0.48,-0.3559,-0.4332,0.828,-0.2411,-0.3836,0.8915],

    "colors": [],

    "uvs": [[]],

    "faces": [34,0,13,12,0,0,0,0,34,1,13,15,0,1,1,1,34,0,12,17,0,2,2,2,34,0,17,19,0,3,3,3,34,0,19,16,0,4,4,4,34,1,15,22,0,5,5,5,34,2,14,24,0,6,6,6,34,3,18,26,0,7,7,7,34,4,20,28,0,8,8,8,34,5,21,30,0,9,9,9,34,1,22,25,0,10,10,10,34,2,24,27,0,11,11,11,34,3,26,29,0,12,12,12,34,4,28,31,0,13,13,13,34,5,30,23,0,14,14,14,34,6,32,37,0,15,15,15,34,7,33,39,0,16,16,16,34,8,34,40,0,17,17,17,34,9,35,41,0,18,18,18,34,10,36,38,0,19,19,19,34,38,41,11,0,20,20,20,34,38,36,41,0,21,21,21,34,36,9,41,0,22,22,22,34,41,40,11,0,23,23,23,34,41,35,40,0,24,24,24,34,35,8,40,0,25,25,25,34,40,39,11,0,26,26,26,34,40,34,39,0,27,27,27,34,34,7,39,0,28,28,28,34,39,37,11,0,29,29,29,34,39,33,37,0,30,30,30,34,33,6,37,0,31,31,31,34,37,38,11,0,32,32,32,34,37,32,38,0,33,33,33,34,32,10,38,0,34,34,34,34,23,36,10,0,35,35,35,34,23,30,36,0,36,36,36,34,30,9,36,0,37,37,37,34,31,35,9,0,38,38,38,34,31,28,35,0,39,39,39,34,28,8,35,0,40,40,40,34,29,34,8,0,41,41,41,34,29,26,34,0,42,42,42,34,26,7,34,0,43,43,43,34,27,33,7,0,44,44,44,34,27,24,33,0,45,45,45,34,24,6,33,0,46,46,46,34,25,32,6,0,47,47,47,34,25,22,32,0,48,48,48,34,22,10,32,0,49,49,49,34,30,31,9,0,50,50,50,34,30,21,31,0,51,51,51,34,21,4,31,0,52,52,52,34,28,29,8,0,53,53,53,34,28,20,29,0,54,54,54,34,20,3,29,0,55,55,55,34,26,27,7,0,56,56,56,34,26,18,27,0,57,57,57,34,18,2,27,0,58,58,58,34,24,25,6,0,59,59,59,34,24,14,25,0,60,60,60,34,14,1,25,0,61,61,61,34,22,23,10,0,62,62,62,34,22,15,23,0,63,63,63,34,15,5,23,0,64,64,64,34,16,21,5,0,65,65,65,34,16,19,21,0,66,66,66,34,19,4,21,0,67,67,67,34,19,20,4,0,68,68,68,34,19,17,20,0,69,69,69,34,17,3,20,0,70,70,70,34,17,18,3,0,71,71,71,34,17,12,18,0,72,72,72,34,12,2,18,0,73,73,73,34,15,16,5,0,74,74,74,34,15,13,16,0,75,75,75,34,13,0,16,0,76,76,76,34,12,14,2,0,77,77,77,34,12,13,14,0,78,78,78,34,13,1,14,0,79,79,79]

}
