{

    "metadata" :
    {
        "formatVersion" : 3.1,
        "sourceFile"    : "asteroid6.obj",
        "generatedBy"   : "OBJConverter",
        "vertices"      : 42,
        "faces"         : 80,
        "normals"       : 80,
        "colors"        : 0,
        "uvs"           : 0,
        "materials"     : 1
    },

    "scale" : 1.000000,

    "materials": [	{
	"DbgColor" : 15658734,
	"DbgIndex" : 0,
	"DbgName" : "None"
	}],

    "vertices": [0.011744,-1.458071,-0.091909,1.285286,-0.678839,1.516674,-0.265671,-0.841908,1.799237,-1.096764,-0.476068,-0.178895,-0.640089,-0.775633,-1.155949,0.599942,-0.222694,-0.510653,0.068763,0.177145,1.146101,-1.546314,0.988126,0.819664,-0.841228,0.684797,-0.645685,0.307149,0.547394,-1.242747,1.791951,0.752657,0.695986,-0.116519,1.847077,-0.149202,-0.264981,-1.044751,0.721462,0.691496,-1.370451,0.417924,0.432719,-0.892076,1.541791,1.345874,-1.168251,0.188714,0.544835,-1.664114,-0.293402,-0.762362,-1.143460,-0.066205,-1.264282,-0.617712,0.569570,-0.513291,-1.558909,-0.561622,-0.773181,-0.636448,-0.560214,-0.046831,-1.255066,-1.512428,1.597653,0.280357,0.326016,1.908634,-0.318441,-0.714021,-0.094905,0.119966,1.659636,0.921912,0.112711,1.479243,-1.223692,0.087613,0.429221,-1.351440,0.350709,1.315186,-0.838183,-0.010668,-0.982363,-1.017547,0.051253,-0.328464,1.057562,-0.116935,-1.709410,-0.230394,-0.051569,-0.985196,1.517871,0.392004,0.683376,-0.194201,1.331153,0.932353,-0.937633,0.663066,0.140725,-0.367854,0.799566,-1.211455,1.113659,0.809442,-0.920753,-0.095401,1.310172,0.734212,0.804949,1.415971,0.170791,-0.595760,1.165208,0.354558,-0.453960,1.371915,-0.609645,0.192366,1.138442,-0.751849],

    "morphTargets": [],

    "morphColors": [],

    "normals": [-0.1809,-0.9003,0.3959,0.3833,-0.8608,0.3347,-0.3462,-0.8787,0.3287,-0.3078,-0.7995,0.5157,-0.1918,-0.8934,0.4062,0.9773,-0.1804,0.1111,0.3496,0.0735,0.934,-0.9763,0.0132,-0.216,-0.9632,-0.2118,-0.1657,0.7191,-0.6604,0.2163,0.7733,0.379,0.5082,-0.2293,0.1795,0.9567,-0.9618,0.0693,-0.265,0.0105,0.2239,-0.9746,-0.0913,-0.9883,-0.122,0.2344,0.362,0.9022,-0.2354,0.9652,-0.1136,-0.8653,0.4926,-0.0925,0.2083,0.6485,-0.7321,0.6255,0.7436,-0.2363,0.5032,0.6766,-0.5376,0.2359,0.8762,-0.4202,0.0921,0.6467,-0.7571,0.0769,0.6652,-0.7427,0.1142,0.728,-0.676,-0.7308,0.4393,-0.5224,-0.8169,0.5767,0.0035,-0.8264,0.563,-0.0008,-0.4411,0.5888,-0.6773,-0.5439,0.7113,0.4453,-0.1478,0.9731,-0.1767,0.872,0.2739,0.4058,0.2166,0.8366,0.5032,0.3684,0.6084,0.703,-0.3364,0.2237,0.9148,0.8013,0.5064,-0.3184,0.731,0.4161,-0.5408,0.0952,0.6419,-0.7608,-0.1472,-0.2763,-0.9497,-0.022,-0.2602,-0.9653,-0.7637,0.2786,-0.5824,-0.9704,0.2135,-0.1131,-0.91,0.3205,-0.263,-0.7375,0.0283,-0.6748,-0.2088,0.5596,0.802,-0.142,0.501,0.8537,0.9094,0.2664,0.3195,-0.0453,0.9527,0.3004,0.7353,-0.5826,0.3462,0.7414,-0.5755,0.3453,-0.4868,0.0622,-0.8713,-0.4564,0.2977,-0.8385,-0.2533,0.3555,-0.8997,-0.9532,0.1283,-0.2736,-0.9384,-0.2548,-0.2333,-0.7738,-0.0625,-0.6303,-0.9461,-0.3212,-0.041,-0.9882,0.0269,-0.1505,-0.7293,-0.4574,0.5088,0.0283,0.9924,0.1195,0.1745,-0.0237,0.9844,0.0158,0.0545,0.9984,0.5475,-0.6439,0.5344,0.9039,-0.1933,0.3816,-0.1619,-0.6662,-0.728,0.8808,-0.1033,-0.4622,-0.0156,-0.9502,-0.3113,-0.7054,-0.4974,-0.505,-0.9517,-0.2679,-0.15,-0.9324,-0.2623,-0.2488,-0.7632,-0.4592,-0.4546,-0.8397,-0.4674,-0.2764,-0.4122,-0.8348,0.3649,-0.4089,-0.8969,0.1685,0.574,-0.1435,-0.8062,0.3732,-0.8822,0.2872,-0.1909,-0.8928,0.408,-0.0024,-0.9827,0.185,-0.2032,-0.9169,0.3435,0.2313,-0.8748,0.4256],

    "colors": [],

    "uvs": [[]],

    "faces": [34,0,13,12,0,0,0,0,34,1,13,15,0,1,1,1,34,0,12,17,0,2,2,2,34,0,17,19,0,3,3,3,34,0,19,16,0,4,4,4,34,1,15,22,0,5,5,5,34,2,14,24,0,6,6,6,34,3,18,26,0,7,7,7,34,4,20,28,0,8,8,8,34,5,21,30,0,9,9,9,34,1,22,25,0,10,10,10,34,2,24,27,0,11,11,11,34,3,26,29,0,12,12,12,34,4,28,31,0,13,13,13,34,5,30,23,0,14,14,14,34,6,32,37,0,15,15,15,34,7,33,39,0,16,16,16,34,8,34,40,0,17,17,17,34,9,35,41,0,18,18,18,34,10,36,38,0,19,19,19,34,38,41,11,0,20,20,20,34,38,36,41,0,21,21,21,34,36,9,41,0,22,22,22,34,41,40,11,0,23,23,23,34,41,35,40,0,24,24,24,34,35,8,40,0,25,25,25,34,40,39,11,0,26,26,26,34,40,34,39,0,27,27,27,34,34,7,39,0,28,28,28,34,39,37,11,0,29,29,29,34,39,33,37,0,30,30,30,34,33,6,37,0,31,31,31,34,37,38,11,0,32,32,32,34,37,32,38,0,33,33,33,34,32,10,38,0,34,34,34,34,23,36,10,0,35,35,35,34,23,30,36,0,36,36,36,34,30,9,36,0,37,37,37,34,31,35,9,0,38,38,38,34,31,28,35,0,39,39,39,34,28,8,35,0,40,40,40,34,29,34,8,0,41,41,41,34,29,26,34,0,42,42,42,34,26,7,34,0,43,43,43,34,27,33,7,0,44,44,44,34,27,24,33,0,45,45,45,34,24,6,33,0,46,46,46,34,25,32,6,0,47,47,47,34,25,22,32,0,48,48,48,34,22,10,32,0,49,49,49,34,30,31,9,0,50,50,50,34,30,21,31,0,51,51,51,34,21,4,31,0,52,52,52,34,28,29,8,0,53,53,53,34,28,20,29,0,54,54,54,34,20,3,29,0,55,55,55,34,26,27,7,0,56,56,56,34,26,18,27,0,57,57,57,34,18,2,27,0,58,58,58,34,24,25,6,0,59,59,59,34,24,14,25,0,60,60,60,34,14,1,25,0,61,61,61,34,22,23,10,0,62,62,62,34,22,15,23,0,63,63,63,34,15,5,23,0,64,64,64,34,16,21,5,0,65,65,65,34,16,19,21,0,66,66,66,34,19,4,21,0,67,67,67,34,19,20,4,0,68,68,68,34,19,17,20,0,69,69,69,34,17,3,20,0,70,70,70,34,17,18,3,0,71,71,71,34,17,12,18,0,72,72,72,34,12,2,18,0,73,73,73,34,15,16,5,0,74,74,74,34,15,13,16,0,75,75,75,34,13,0,16,0,76,76,76,34,12,14,2,0,77,77,77,34,12,13,14,0,78,78,78,34,13,1,14,0,79,79,79]

}
