{

    "metadata" :
    {
        "formatVersion" : 3.1,
        "sourceFile"    : "asteroid3.obj",
        "generatedBy"   : "OBJConverter",
        "vertices"      : 42,
        "faces"         : 80,
        "normals"       : 80,
        "colors"        : 0,
        "uvs"           : 0,
        "materials"     : 1
    },

    "scale" : 1.000000,

    "materials": [	{
	"DbgColor" : 15658734,
	"DbgIndex" : 0,
	"DbgName" : "None"
	}],

    "vertices": [-0.483913,0.774906,0.452655,0.622995,0.365080,1.511037,0.805825,-0.599558,-0.152776,-0.771005,-0.790338,-0.749605,-1.090756,-0.712840,0.011810,-0.620365,-0.057372,1.231757,0.331238,-0.904597,0.415198,-0.385835,-1.072885,0.179246,-0.277622,0.903587,-0.549005,0.225516,0.374592,-0.782161,1.132171,-0.080810,0.786286,0.193317,0.841104,-0.026377,1.098819,-0.217345,0.104195,1.028207,-0.403296,0.595795,-0.103685,-0.800357,-0.569740,-0.898554,-0.996234,-0.189158,-0.566489,-1.225847,-0.092196,-0.836079,-0.263418,0.627851,-0.875249,-1.018592,0.116484,0.103597,-0.901929,0.049206,0.813321,-0.621920,0.038167,-0.238653,-0.807518,0.872069,-0.000236,-0.934531,0.228444,-0.483870,-0.870693,0.542860,0.156015,0.288282,1.582856,0.556868,-0.337108,1.158435,-0.853424,0.151343,0.364124,-0.625153,0.629914,1.086326,-0.633257,0.086157,-0.638618,-0.700422,-0.089704,-0.103332,0.492846,-0.190517,-0.507584,-0.360779,-0.071732,-0.838339,0.903258,-0.125270,1.040728,0.112675,0.859710,0.920524,-0.433969,0.667375,-0.053067,-0.072145,0.835037,-0.949187,0.760337,0.199498,-0.049480,0.234403,0.510053,0.757253,0.603196,0.281131,0.512984,-0.100258,0.927783,0.115266,0.116267,1.190540,-0.655235,0.361999,0.777855,-0.505237],

    "morphTargets": [],

    "morphColors": [],

    "normals": [0.5627,-0.82,0.1047,0.3779,-0.8912,0.2507,-0.1622,-0.8096,0.5641,-0.1551,-0.8806,0.4478,0.2693,-0.9036,-0.3331,0.2291,-0.8232,0.5195,-0.1661,-0.4938,0.8535,-0.9471,0.143,0.2872,-0.9722,0.1728,-0.1578,0.4533,-0.3603,-0.8153,0.4379,-0.7737,0.4578,-0.4706,0.1795,0.8639,-0.7858,0.406,-0.4666,-0.5083,0.1863,-0.8408,0.7073,-0.0691,-0.7036,0.7203,0.6483,-0.2467,-0.2516,0.9566,0.1474,-0.535,0.8157,0.2199,0.7117,0.2178,-0.6679,0.5525,0.8328,0.0335,0.7153,0.6798,0.1622,0.769,0.6272,0.1238,0.8152,0.114,-0.5678,0.8046,0.5554,0.2101,0.7148,0.18,-0.6758,-0.605,0.6728,-0.4259,0.4309,0.8102,0.3974,-0.6384,0.7654,0.0816,-0.5257,0.82,-0.2263,0.4122,0.8468,0.3361,0.892,0.4047,-0.2016,0.8272,0.447,-0.3405,0.6315,0.7256,0.2734,0.618,0.7524,0.228,0.3361,0.8289,0.4472,0.7942,0.5872,-0.1564,0.6823,0.3099,-0.6622,0.8151,0.1092,-0.5689,0.2374,-0.192,-0.9523,-0.5599,0.0774,-0.825,-0.7881,0.3947,-0.4723,-0.932,0.3369,-0.1334,-0.837,0.3239,-0.441,-0.8319,0.5203,-0.1928,-0.2606,0.9521,0.1598,-0.0871,0.7515,0.654,-0.0238,0.7562,0.6539,0.5127,-0.4233,0.7469,0.5643,-0.6196,0.5456,0.6768,-0.5238,0.5173,0.3097,-0.293,-0.9046,0.3248,-0.2241,-0.9188,0.2479,-0.2569,-0.9341,-0.9175,0.3975,0.0155,-0.9747,0.2178,-0.0507,-0.5541,0.1977,-0.8087,-0.8535,0.516,-0.0722,-0.9663,0.1082,0.2337,-0.9464,0.0606,0.3174,0.208,-0.4545,0.8661,0.025,-0.5503,0.8346,0.2848,-0.8016,0.5256,-0.6008,-0.573,0.5575,-0.0048,-0.9814,0.1919,-0.017,-0.9821,0.1875,0.3626,-0.9239,-0.1224,0.3672,-0.9291,0.0437,0.3351,-0.9419,0.0228,-0.755,-0.3403,0.5604,-0.5834,-0.4344,0.6862,-0.7501,-0.4962,0.4372,-0.4411,-0.8053,-0.3962,-0.5653,-0.8247,-0.0172,-0.8205,-0.5712,0.0208,0.319,-0.9123,-0.2566,0.4655,-0.8351,-0.293,0.1435,-0.8039,-0.5772,0.9487,-0.3158,0.0168,0.8206,-0.5635,-0.0953,0.8206,-0.563,-0.0982],

    "colors": [],

    "uvs": [[]],

    "faces": [34,6,20,13,0,0,0,0,34,7,16,19,0,1,1,1,34,7,18,16,0,2,2,2,34,7,23,18,0,3,3,3,34,6,22,20,0,4,4,4,34,7,22,23,0,5,5,5,34,5,21,24,0,6,6,6,34,4,17,26,0,7,7,7,34,3,15,28,0,8,8,8,34,2,14,30,0,9,9,9,34,6,13,25,0,10,10,10,34,5,24,27,0,11,11,11,34,4,26,29,0,12,12,12,34,3,28,31,0,13,13,13,34,2,30,12,0,14,14,14,34,1,32,37,0,15,15,15,34,0,33,39,0,16,16,16,34,8,34,40,0,17,17,17,34,9,35,41,0,18,18,18,34,10,36,38,0,19,19,19,34,38,41,11,0,20,20,20,34,38,36,41,0,21,21,21,34,36,9,41,0,22,22,22,34,41,40,11,0,23,23,23,34,41,35,40,0,24,24,24,34,35,8,40,0,25,25,25,34,40,39,11,0,26,26,26,34,40,34,39,0,27,27,27,34,34,0,39,0,28,28,28,34,39,37,11,0,29,29,29,34,39,33,37,0,30,30,30,34,33,1,37,0,31,31,31,34,37,38,11,0,32,32,32,34,37,32,38,0,33,33,33,34,32,10,38,0,34,34,34,34,12,36,10,0,35,35,35,34,12,30,36,0,36,36,36,34,30,9,36,0,37,37,37,34,31,35,9,0,38,38,38,34,31,28,35,0,39,39,39,34,28,8,35,0,40,40,40,34,29,34,8,0,41,41,41,34,29,26,34,0,42,42,42,34,26,0,34,0,43,43,43,34,27,33,0,0,44,44,44,34,27,24,33,0,45,45,45,34,24,1,33,0,46,46,46,34,25,32,1,0,47,47,47,34,25,13,32,0,48,48,48,34,13,10,32,0,49,49,49,34,30,31,9,0,50,50,50,34,30,14,31,0,51,51,51,34,14,3,31,0,52,52,52,34,28,29,8,0,53,53,53,34,28,15,29,0,54,54,54,34,15,4,29,0,55,55,55,34,26,27,0,0,56,56,56,34,26,17,27,0,57,57,57,34,17,5,27,0,58,58,58,34,24,25,1,0,59,59,59,34,24,21,25,0,60,60,60,34,21,6,25,0,61,61,61,34,23,21,5,0,62,62,62,34,23,22,21,0,63,63,63,34,22,6,21,0,64,64,64,34,20,19,2,0,65,65,65,34,20,22,19,0,66,66,66,34,22,7,19,0,67,67,67,34,18,17,4,0,68,68,68,34,18,23,17,0,69,69,69,34,23,5,17,0,70,70,70,34,16,15,3,0,71,71,71,34,16,18,15,0,72,72,72,34,18,4,15,0,73,73,73,34,19,14,2,0,74,74,74,34,19,16,14,0,75,75,75,34,16,3,14,0,76,76,76,34,13,12,10,0,77,77,77,34,13,20,12,0,78,78,78,34,20,2,12,0,79,79,79]

}
