{

    "metadata" :
    {
        "formatVersion" : 3.1,
        "sourceFile"    : "target.obj",
        "generatedBy"   : "OBJConverter",
        "vertices"      : 132,
        "faces"         : 128,
        "normals"       : 4,
        "colors"        : 0,
        "uvs"           : 0,
        "materials"     : 4
    },

    "scale" : 1.000000,

    "materials": [	{
	"DbgColor" : 15658734,
	"DbgIndex" : 0,
	"DbgName" : "Material.004"
	},

	{
	"DbgColor" : 15597568,
	"DbgIndex" : 1,
	"DbgName" : "Material.003"
	},

	{
	"DbgColor" : 60928,
	"DbgIndex" : 2,
	"DbgName" : "Material.002"
	},

	{
	"DbgColor" : 238,
	"DbgIndex" : 3,
	"DbgName" : "Material.001"
	}],

    "vertices": [0.000000,-2.007000,0.000000,0.000000,-2.007000,-0.200000,-0.039018,-2.007000,-0.196157,-0.076537,-2.007000,-0.184776,-0.111114,-2.007000,-0.166294,-0.141421,-2.007000,-0.141421,-0.166294,-2.007000,-0.111114,-0.184776,-2.007000,-0.076537,-0.196157,-2.007000,-0.039018,-0.200000,-2.007000,-0.000000,-0.196157,-2.007000,0.039018,-0.184776,-2.007000,0.076537,-0.166294,-2.007000,0.111114,-0.141421,-2.007000,0.141421,-0.111114,-2.007000,0.166294,-0.076537,-2.007000,0.184776,-0.039018,-2.007000,0.196157,0.000000,-2.007000,0.200000,0.039018,-2.007000,0.196157,0.076537,-2.007000,0.184776,0.111114,-2.007000,0.166294,0.141421,-2.007000,0.141421,0.166294,-2.007000,0.111114,0.184776,-2.007000,0.076537,0.196157,-2.007000,0.039018,0.200000,-2.007000,-0.000000,0.196157,-2.007000,-0.039018,0.184776,-2.007000,-0.076537,0.166294,-2.007000,-0.111114,0.141421,-2.007000,-0.141422,0.111114,-2.007000,-0.166294,0.076536,-2.007000,-0.184776,0.039018,-2.007000,-0.196157,0.000000,-2.008000,0.000000,0.000000,-2.008000,-0.499562,-0.097460,-2.008000,-0.489963,-0.191174,-2.008000,-0.461535,-0.277542,-2.008000,-0.415370,-0.353244,-2.008000,-0.353244,-0.415370,-2.008000,-0.277542,-0.461535,-2.008000,-0.191174,-0.489963,-2.008000,-0.097460,-0.499562,-2.008000,-0.000000,-0.489963,-2.008000,0.097460,-0.461535,-2.008000,0.191174,-0.415370,-2.008000,0.277542,-0.353244,-2.008000,0.353244,-0.277542,-2.008000,0.415370,-0.191174,-2.008000,0.461535,-0.097460,-2.008000,0.489963,0.000000,-2.008000,0.499562,0.097460,-2.008000,0.489963,0.191174,-2.008000,0.461535,0.277542,-2.008000,0.415370,0.353244,-2.008000,0.353243,0.415371,-2.008000,0.277541,0.461535,-2.008000,0.191174,0.489963,-2.008000,0.097459,0.499562,-2.008000,-0.000000,0.489963,-2.008000,-0.097460,0.461535,-2.008000,-0.191175,0.415370,-2.008000,-0.277542,0.353243,-2.008000,-0.353244,0.277541,-2.008000,-0.415371,0.191173,-2.008000,-0.461535,0.097459,-2.008000,-0.489963,0.000000,-2.009000,0.000000,0.000000,-2.009000,-0.800000,-0.156072,-2.009000,-0.784628,-0.306147,-2.009000,-0.739104,-0.444456,-2.009000,-0.665176,-0.565685,-2.009000,-0.565685,-0.665176,-2.009000,-0.444456,-0.739104,-2.009000,-0.306147,-0.784628,-2.009000,-0.156072,-0.800000,-2.009000,-0.000000,-0.784628,-2.009000,0.156072,-0.739104,-2.009000,0.306147,-0.665176,-2.009000,0.444456,-0.565685,-2.009000,0.565685,-0.444456,-2.009000,0.665176,-0.306147,-2.009000,0.739104,-0.156072,-2.009000,0.784628,0.000000,-2.009000,0.800000,0.156073,-2.009000,0.784628,0.306147,-2.009000,0.739103,0.444457,-2.009000,0.665175,0.565686,-2.009000,0.565685,0.665176,-2.009000,0.444456,0.739104,-2.009000,0.306146,0.784628,-2.009000,0.156072,0.800000,-2.009000,-0.000001,0.784628,-2.009000,-0.156073,0.739103,-2.009000,-0.306148,0.665175,-2.009000,-0.444457,0.565685,-2.009000,-0.565686,0.444455,-2.009000,-0.665176,0.306146,-2.009000,-0.739104,0.156071,-2.009000,-0.784628,0.000000,-2.010000,0.000000,0.000000,-2.010000,-1.000000,-0.195090,-2.010000,-0.980785,-0.382683,-2.010000,-0.923880,-0.555570,-2.010000,-0.831470,-0.707107,-2.010000,-0.707107,-0.831470,-2.010000,-0.555570,-0.923880,-2.010000,-0.382683,-0.980785,-2.010000,-0.195090,-1.000000,-2.010000,-0.000000,-0.980785,-2.010000,0.195090,-0.923880,-2.010000,0.382683,-0.831470,-2.010000,0.555570,-0.707107,-2.010000,0.707107,-0.555570,-2.010000,0.831470,-0.382683,-2.010000,0.923880,-0.195090,-2.010000,0.980785,0.000000,-2.010000,1.000000,0.195091,-2.010000,0.980785,0.382684,-2.010000,0.923879,0.555571,-2.010000,0.831469,0.707107,-2.010000,0.707106,0.831470,-2.010000,0.555570,0.923880,-2.010000,0.382683,0.980785,-2.010000,0.195089,1.000000,-2.010000,-0.000001,0.980785,-2.010000,-0.195091,0.923879,-2.010000,-0.382684,0.831469,-2.010000,-0.555571,0.707106,-2.010000,-0.707108,0.555569,-2.010000,-0.831470,0.382682,-2.010000,-0.923880,0.195089,-2.010000,-0.980786],

    "morphTargets": [],

    "morphColors": [],

    "normals": [0,1,0,0,1,0,0,1,0,0,1,0],

    "colors": [],

    "uvs": [[]],

    "faces": [34,0,1,2,0,0,0,0,34,0,2,3,0,0,0,0,34,0,3,4,0,0,0,0,34,0,4,5,0,0,0,0,34,0,5,6,0,0,0,0,34,0,6,7,0,0,0,0,34,0,7,8,0,0,0,0,34,0,8,9,0,0,0,0,34,0,9,10,0,0,0,0,34,0,10,11,0,0,0,0,34,0,11,12,0,0,0,0,34,0,12,13,0,0,0,0,34,0,13,14,0,0,0,0,34,0,14,15,0,0,0,0,34,0,15,16,0,0,0,0,34,0,16,17,0,0,0,0,34,0,17,18,0,0,0,0,34,0,18,19,0,0,0,0,34,0,19,20,0,0,0,0,34,0,20,21,0,0,0,0,34,0,21,22,0,0,0,0,34,0,22,23,0,0,0,0,34,0,23,24,0,0,0,0,34,0,24,25,0,0,0,0,34,0,25,26,0,0,0,0,34,0,26,27,0,0,0,0,34,0,27,28,0,0,0,0,34,0,28,29,0,0,0,0,34,0,29,30,0,0,0,0,34,0,30,31,0,0,0,0,34,0,31,32,0,0,0,0,34,0,32,1,0,0,0,0,34,33,34,35,1,1,1,1,34,33,35,36,1,1,1,1,34,33,36,37,1,1,1,1,34,33,37,38,1,1,1,1,34,33,38,39,1,1,1,1,34,33,39,40,1,1,1,1,34,33,40,41,1,1,1,1,34,33,41,42,1,1,1,1,34,33,42,43,1,1,1,1,34,33,43,44,1,1,1,1,34,33,44,45,1,1,1,1,34,33,45,46,1,1,1,1,34,33,46,47,1,1,1,1,34,33,47,48,1,1,1,1,34,33,48,49,1,1,1,1,34,33,49,50,1,1,1,1,34,33,50,51,1,1,1,1,34,33,51,52,1,1,1,1,34,33,52,53,1,1,1,1,34,33,53,54,1,1,1,1,34,33,54,55,1,1,1,1,34,33,55,56,1,1,1,1,34,33,56,57,1,1,1,1,34,33,57,58,1,1,1,1,34,33,58,59,1,1,1,1,34,33,59,60,1,1,1,1,34,33,60,61,1,1,1,1,34,33,61,62,1,1,1,1,34,33,62,63,1,1,1,1,34,33,63,64,1,1,1,1,34,33,64,65,1,1,1,1,34,33,65,34,1,1,1,1,34,66,67,68,2,2,2,2,34,66,68,69,2,2,2,2,34,66,69,70,2,2,2,2,34,66,70,71,2,2,2,2,34,66,71,72,2,2,2,2,34,66,72,73,2,2,2,2,34,66,73,74,2,2,2,2,34,66,74,75,2,2,2,2,34,66,75,76,2,2,2,2,34,66,76,77,2,2,2,2,34,66,77,78,2,2,2,2,34,66,78,79,2,2,2,2,34,66,79,80,2,2,2,2,34,66,80,81,2,2,2,2,34,66,81,82,2,2,2,2,34,66,82,83,2,2,2,2,34,66,83,84,2,2,2,2,34,66,84,85,2,2,2,2,34,66,85,86,2,2,2,2,34,66,86,87,2,2,2,2,34,66,87,88,2,2,2,2,34,66,88,89,2,2,2,2,34,66,89,90,2,2,2,2,34,66,90,91,2,2,2,2,34,66,91,92,2,2,2,2,34,66,92,93,2,2,2,2,34,66,93,94,2,2,2,2,34,66,94,95,2,2,2,2,34,66,95,96,2,2,2,2,34,66,96,97,2,2,2,2,34,66,97,98,2,2,2,2,34,66,98,67,2,2,2,2,34,99,100,101,3,3,3,3,34,99,101,102,3,3,3,3,34,99,102,103,3,3,3,3,34,99,103,104,3,3,3,3,34,99,104,105,3,3,3,3,34,99,105,106,3,3,3,3,34,99,106,107,3,3,3,3,34,99,107,108,3,3,3,3,34,99,108,109,3,3,3,3,34,99,109,110,3,3,3,3,34,99,110,111,3,3,3,3,34,99,111,112,3,3,3,3,34,99,112,113,3,3,3,3,34,99,113,114,3,3,3,3,34,99,114,115,3,3,3,3,34,99,115,116,3,3,3,3,34,99,116,117,3,3,3,3,34,99,117,118,3,3,3,3,34,99,118,119,3,3,3,3,34,99,119,120,3,3,3,3,34,99,120,121,3,3,3,3,34,99,121,122,3,3,3,3,34,99,122,123,3,3,3,3,34,99,123,124,3,3,3,3,34,99,124,125,3,3,3,3,34,99,125,126,3,3,3,3,34,99,126,127,3,3,3,3,34,99,127,128,3,3,3,3,34,99,128,129,3,3,3,3,34,99,129,130,3,3,3,3,34,99,130,131,3,3,3,3,34,99,131,100,3,3,3,3]

}
